{
 "sdviolations": [
  3,
  3,
  3,
  4,
  3,
  3,
  3,
  3,
  3,
  3,
  3,
  3,
  5,
  4,
  4,
  4,
  2,
  2,
  4,
  2,
  2,
  2,
  2,
  2,
  2,
  2,
  1,
  1,
  2,
  3,
  3,
  3,
  2,
  2,
  2,
  2,
  3,
  3,
  2,
  3,
  2
 ],
 "numberofpedestrians": [
  8,
  8,
  8,
  7,
  7,
  8,
  8,
  8,
  8,
  8,
  8,
  8,
  9,
  8,
  7,
  8,
  7,
  6,
  8,
  7,
  7,
  8,
  9,
  10,
  9,
  9,
  8,
  9,
  11,
  11,
  11,
  10,
  10,
  9,
  8,
  8,
  9,
  8,
  8,
  9,
  8
 ],
 "timestamp": [
  1624975596.8823225,
  1624975597.0211632,
  1624975597.1421797,
  1624975597.237187,
  1624975597.3251927,
  1624975597.417481,
  1624975597.4964876,
  1624975597.5750878,
  1624975597.6520932,
  1624975597.7276092,
  1624975597.8196237,
  1624975597.898629,
  1624975598.4232504,
  1624975598.5870278,
  1624975598.6716921,
  1624975598.7508574,
  1624975598.830221,
  1624975598.909227,
  1624975598.9902413,
  1624975599.06746,
  1624975599.1467214,
  1624975599.2269437,
  1624975599.377277,
  1624975599.4555998,
  1624975599.5306053,
  1624975599.60661,
  1624975599.7596905,
  1624975600.1516738,
  1624975600.2283072,
  1624975600.3043172,
  1624975600.382323,
  1624975600.4618306,
  1624975600.5381062,
  1624975600.6164155,
  1624975600.855051,
  1624975600.9360576,
  1624975607.838772,
  1624975614.2419574,
  1624975614.340963,
  1624975615.2243927,
  1624975615.517074
 ]
}